address,ens,poap
0x37170d9aa5a79fe679660682d8fea29814508cae,,montenegro
0xf0dca1d7185a31afbe1f45fe37bbce733305fe34,spicytruth.eth,montenegro
0x8de7d6ed323e67923bed1376d6fa2525f10bb121,,montenegro
0x44ac9950c9587711a649ff1e60bcb2966f7a47c1,,montenegro
0x686129b664a59b35ed1f070257f9ea8894196b69,mariniere.eth,montenegro
0x9ab3a307808c3a68623b180b1964cf4eff49129b,,montenegro
0xc3ffd59bd2ab6fb4187672723276d953142fddde,philogy.eth,montenegro
0x0dc73465348b57cd732740a3a85390dd98063354,,montenegro
0x693edbcf118ec982f5a8101498b6c789470b0b89,skylar.eth,montenegro
0x9b720446714a8364cda80c148ebb9e8245e57a25,ftwisla.eth,montenegro
0x6c9aca829657648c7d3fae6893fd19fa5dce8b4f,rusgarian.eth,montenegro
0x1d94e1fa4040f5ea275e8737e393f8c5489361a6,roxius.eth,montenegro
0x9d42a19e504f5f87f8b4edf7f9abf510a3026fab,,montenegro
0x2e76b62a197ebb5830f9bffa52845694153304b2,,montenegro
0xa326da2b07d78a3eb53cf25418d39c60ada94cec,,montenegro
0x9f6b969ee3f9c2b0a528b3029049e34bbd4bdb49,danilo-d-luffy.eth,montenegro
0xcccc3f44d69f3e328e71bc51e65aa80665389f3d,,montenegro
0x36078526d376402e39aefb4e65dee7eb022d240b,,montenegro
0xc40d553dd69ff9a8c63ec1b8052c245d5c89c29c,eshabora.eth,montenegro
0x7ed3a2cf96b6419de99ce3c95768c74b85995adf,janinegtc.eth,montenegro
0xd26a2bd8a59ea00bd836142cc6be9717361a3b51,geeny.eth,montenegro
0x82695069f3a647a8149432746f4da3dca8b093d8,caitlinj.eth,montenegro
0xa03239b8c59df2c79665d8cfbf3a6c1a9b2e5668,linklinkguan.eth,montenegro
0x66b1de0f14a0ce971f7f248415063d44caf19398,,montenegro
0x0f3347b37f40870c68a7348b5660dfe37d357dba,,montenegro
0xfdf6576e21641a65bccea63b576b3d29ffc2d12f,hugom.eth,montenegro
0x0ff3b8d652cfc9e04691eb19e5cd4986a67f7fca,,montenegro
0x6b5918d8ef9094679f4b4e1bf397a66ea411b118,coltonart.eth,montenegro
0x53b79ca2540c0a758de2d00f2eaf14b57fad320d,,montenegro
0x03b79c0c1487a68aeabd9aa4ce779dad77855f52,sinahab.eth,montenegro
0x3490df2e587924e7bec71ea0feefee8a85aeb1e2,,montenegro
0x3aa6315549c9f789c39d66979cfbb0975b14e4b9,,montenegro
0x1668c9725e27bf5943bbd43886e1fb5afe75c46c,tomhschmidt.eth,montenegro
0x158d6919f02657c2d19041693cb58daaa201f367,albionaitoh.eth,montenegro
0x4a0671a1f2ae1b0dff3a7374b2f06a73ab03452a,,montenegro
0x871608cba092105b91e91295a1d79ffc539bfb48,asset3.eth,montenegro
0xeee718c1e522ecb4b609265db7a83ab48ea0b06f,,montenegro
0x43013bf2d0d41b75164ee8a0938d967d7384e60e,julianzawistowski.eth,montenegro
0x9fa6c303300ed23cefb0b1106ae898810dc01cc3,jthor.eth,montenegro
0xb864abf9fc4d89ff8fa4b3a97735168430f12750,annaalexa.eth,montenegro
0x5f3371793285920351344a1eaaaa48d45e600652,thebluebook.eth,montenegro
0x4f1512d88d00962f58b6d543ff1803cc683d39f5,davidding.eth,montenegro
0x9b51af017fa7bb7b3ef4eb4c5b09b2dfab54f8bc,marciob.eth,montenegro
0xacb32b01976012dbb252ac0b89a1f966cd968605,,montenegro
0xc77673fdc4d582dc6016f72f725a5803ecce6d46,0xmilica.eth,montenegro
0xaf28fdbddc1b6f9a64f1aee3b99aae595e9b1485,remyhall.eth,montenegro
0x301605c95acbed7a1fd9c2c0deee964e2afbd0c3,knobelsdorf.eth,montenegro
0x3f04dcf85fc1d34bd32a4fa92ca7180148989bd6,vitalian.eth,montenegro
0xe8c8f12ccb61fd25ecc5e391e99f69a971526c99,yihaotian.eth,montenegro
0x3ff46f562247999f29397ba350e3300148e20990,benanderson.eth,montenegro
0x850a146d7478daaa98fc26fd85e6a24e50846a9d,,montenegro
0x0c3e1846915de7a4219b70cbb9a238c63642bf52,asever.eth,montenegro
0x1fd2978ac57fb2f459ef1ab7812b58f29ab437ba,ogle.eth,montenegro
0xd685bf136f7b181b104855c8e81df56b7eb6793a,melzhou.eth,montenegro
0xdd6d1569bd936d36a22fa5ae40fae0f80b843ed2,yiqi17.eth,montenegro
0x435cd42591cc503a909085c3d3d2899d17032f77,,montenegro
0xfa35730094b7e0fc1b97f55663aad15e2d2e3e29,spokez.eth,montenegro
0x10f5d45854e038071485ac9e402308cf80d2d2fe,timbeiko.eth,montenegro
0x2a81c13f9366395c8fd1ea24912294230d062db3,edgeberlin.eth,montenegro
0x19f8a76474ebf9effb269ec5c2b935a3611d6779,tynes.eth,montenegro
0xbc603b30f755126878eecec3cd0dd9d0f81f7b31,,montenegro
0x797cb3b256a5de5f75e068a8a3c72b07cbfff253,momack.eth,montenegro
0xc2fb4b3ea53e10c88d193e709a81c4dc7aec902e,theblockchainsocialist.eth,montenegro
0x4ac6ebd8df05b2eeda4e4c44ae695dfa37ce330a,michaellawal.eth,montenegro
0x7a45e23cbb7765900f02c54757498bef01c2b18f,coday.eth,montenegro
0x1e8ee48d0621289297693fc98914da2efdce1477,capitulation.eth,montenegro
0xc34920974a1c29e4c489e422b9d4c6e24c9f27bf,michaelgeer.eth,montenegro
0x117e1ebb7d05545064850513021df6ade3c1690b,borisjose.eth,montenegro
0x3c637470c140ad6b39ce7bad3ddb5a045fa8d574,plz.eth,montenegro
0x34c3c350b25546b013433b24763ce7f4cb8b246e,,montenegro
0x934d46ae4ae4b131bfa095ca971a8cbcd3b30ea8,,montenegro
0x5ec7e2e6218db6f35705579ec9a8232ebe615170,geroscience.eth,montenegro
0x08c0eb532d960d363b597bd645542641e03b5cda,daehyun.eth,montenegro
0xeea7d0ffc09997b8b0cc59c9bbc93cded33c14e4,consigli3re.eth,montenegro
0x6d53f874cc91e8c9122386894829def34774ef1f,soulseeress.eth,montenegro
0x639749b7b08aee65039c21d8a411103c6cebebf0,,montenegro
0x15288ef9f4a73ddb57ec1d0686c2eb1988b467f9,,montenegro
0x9fc3b33884e1d056a8ca979833d686abd267f9f8,0xpetra.eth,montenegro
0x95ec169fa2ef1b85f55713d8a6c5d244e15b9fd7,arthaud.eth,montenegro
0x0d933f6ffa1dc3b37163bf23ede8c90845db83e1,regenfren.eth,montenegro
0x2288e5e1d057b416549f586b964f4e6db78380fd,levstamb.eth,montenegro
0x5d36a202687fd6bd0f670545334bf0b4827cc1e2,launamu.eth,montenegro
0x7b2e78d4dfaaba045a167a70da285e30e8fca196,koeppelmann.eth,montenegro
0xbb79c61ca3d2e2f9f05922d802fcec385de2e8c3,kudibos.eth,montenegro
0x61b647d3b5a04eec7e78b1d9cfbf9dea593c7865,jessyio.eth,montenegro
0x2d48eb2ce3145e5b7790670e966f264ccd05effc,mh932.eth,montenegro
0xbc7d8949f3bef710e2c51c4f77076e2952db271c,,montenegro
0x3ddfec223d99007d9c87a24a58c98a16ebe83e12,richglitch.eth,montenegro
0x5919282fa44fa9b17d2d0399e181e126985a7224,,zuconnect
0x8400e56dc11cb2ed9ec66c5a23e3f88827bfae8d,,zuconnect
0x6a12c8594c5c850d57612ca58810abb8aebbc04b,gbafa.eth,zuconnect
0xe83e0b36bc68c1407b81b6d42ca4bd23fc309517,bordel.eth,zuconnect
0xc4a751bdff25cde994280947958e119f5ff6d159,darkmodemuse.eth,zuconnect
0x8de7d6ed323e67923bed1376d6fa2525f10bb121,,zuconnect
0x8fb53fe797b5c3ba599447c734e8286e9e565d90,,zuconnect
0x06dbfdbfda84eabaea177760092dc22ab1d8f372,samrichards.eth,zuconnect
0xc9c5721986c923c601c3b625d1107d470df0b123,,zuconnect
0x686129b664a59b35ed1f070257f9ea8894196b69,mariniere.eth,zuconnect
0x36de990133d36d7e3df9a820aa3ede5a2320de71,gokhan.eth,zuconnect
0xdd0ff44dac9b001b60e21a96991a31cdfc43510b,cwkang.eth,zuconnect
0x9ab3a307808c3a68623b180b1964cf4eff49129b,,zuconnect
0x7aba691d12d8ef8793f1643eba66b69c70ec72f1,leoglisic.eth,zuconnect
0xcf94708a01a7d91353215751eabd1a68ff7b11cd,,zuconnect
0xc701e473d19dcc40e69a75085d6eecd05f97456d,,zuconnect
0x693edbcf118ec982f5a8101498b6c789470b0b89,skylar.eth,zuconnect
0x0283d0360cc60f45e050703233b361d3a6457b9f,,zuconnect
0x337ffc44c4debebe426ca294a213da3c81cdc86d,suisse.cryptomorpha.eth,zuconnect
0x748c47d90411705eb6c809eea468c9189b36d957,tabcat.eth,zuconnect
0x56e9cbe44e612aad90737fcd911c4756423c533a,,zuconnect
0x23ada6e6a9e9d4ecddd185e3ec353163bceebf2a,,zuconnect
0x9d42a19e504f5f87f8b4edf7f9abf510a3026fab,,zuconnect
0x2dbfd11c5073095670e0eec58e8d2313fac9e494,,zuconnect
0x6b7a91e22a88057ce120ed8be1654198607e0c7a,,zuconnect
0x47fb174fee74c2297fa68edff97a256244e7503d,,zuconnect
0x54948734849b57eea9590d092c3df0b2ff0546d6,,zuconnect
0x569fabb24d7191154f34188510629fe4d1ea8252,,zuconnect
0x89d6e9b4bb90a86c0737f787739e5c252bdd81ad,b3hdf.eth,zuconnect
0x22cee981f08664214d7ca3c1bb5f036933d038d9,,zuconnect
0xca84541d8b8bf50fd8b042acfd28b1e390703e20,0xakira.eth,zuconnect
0xa03239b8c59df2c79665d8cfbf3a6c1a9b2e5668,linklinkguan.eth,zuconnect
0xdd6d1569bd936d36a22fa5ae40fae0f80b843ed2,yiqi17.eth,zuconnect
0x36078526d376402e39aefb4e65dee7eb022d240b,,zuconnect
0x88f667664e61221160ddc0414868ef2f40e83324,bli.eth.id,zuconnect
0x29f34867c0a4594231027ae9e614d5dcc487bf9e,s0xn1ck.eth,zuconnect
0xf93045917cf9ff9eccb2ebee591501a6381afdef,morganjweaver.eth,zuconnect
0x341fba0ef5e7d1b30c638c9ffccc3a8a1b87dddc,caitchizmar.eth,zuconnect
0x5d36a202687fd6bd0f670545334bf0b4827cc1e2,launamu.eth,zuconnect
0x8dbd3c863a950a45ed1b7f06d6c54966a64d3f76,ryscheng.eth,zuconnect
0x08b3effe36e957bd50d82b8deb2328d5e78b6b4c,,zuconnect
0x53b79ca2540c0a758de2d00f2eaf14b57fad320d,,zuconnect
0x6dc43be93a8b5fd37dc16f24872babc6da5e5e3e,james.eth,zuconnect
0xab48f9d0d78039e3aa76b6b7aaa15e955d895f0b,andrewlu.eth,zuconnect
0x2632dd0fe665f6068bf92f3524fc61a8c49ec811,,zuconnect
0x100f41e69f90119bb141fa7859839537374e4f28,jackyeh.eth,zuconnect
0xf8d1d34956cea24718cf8687588d6fedbc6d9aa6,liviade.eth,zuconnect
0x158d6919f02657c2d19041693cb58daaa201f367,albionaitoh.eth,zuconnect
0x4a0671a1f2ae1b0dff3a7374b2f06a73ab03452a,,zuconnect
0x9da89ae83b7b63c7c2b9fb0c94460b5f5d9707da,shuklaayush.eth,zuconnect
0x55aed0ce035883626e536254dda2f23a5b5d977f,0xulas.eth,zuconnect
0xa3f9ffaa823b889e753d1d7e11f2c748f2085d7f,misaakidis.eth,zuconnect
0x114b242d931b47d5cdcee7af065856f70ee278c4,alim.getclave.eth,zuconnect
0xc20ba75f6f82b6dd8e63f307c307fb8a6c69af28,,zuconnect
0x90c32e6b29794fd7f5bba2bbee74e924078b3f9b,tem.eth,zuconnect
0xd1eaefbeffd4106a1a166cd26a1fe23140d6a42e,billzh.eth,zuconnect
0x87453bb2b1d52a7c97a722eb6f92fad0d4d88e26,,zuconnect
0xdaa83039aca9a33b2e54bb2acc9f9c3a99357618,furlong.eth,zuconnect
0xc617cd97eef4e2d3cf9996d6a9837c75a23b1e20,,zuconnect
0x8289432acd5eb0214b1c2526a5edb480aa06a9ab,wslyvh.eth,zuconnect
0x5aa16360c2214e7183098d152d24eff534bd13af,jessekatz.eth,zuconnect
0x3ff4ecb0d7a01235dccd9fc59b0d4969cb011032,cha0sg0d.eth,zuconnect
0xcb171eb1b9bb01763326d1d842f3b5c6422fdec9,,zuconnect
0xc99808f34db2b5d11ea420a15a64e5172dffd9e4,,zuconnect
0x4eda1e237d2b92a6054fd57d4e80b0fee6c8ba08,,zuconnect
0x7682ba569e3823ca1b7317017f5769f8aa8842d4,dalifornian.eth,zuconnect
0xbab892df74be80f7f010a54e644b7c6ac4824fba,elomukoro.eth,zuconnect
0x01f36379c675d80fc7cad7fd05fbd1b55f02f507,,zuconnect
0x32e9507cb51d884b71bf6e99fc878cef30ef72e7,chaoticsoul.eth,zuconnect
0xc77673fdc4d582dc6016f72f725a5803ecce6d46,0xmilica.eth,zuconnect
0x1805707dd1874c4147bea492ace0543b9e7b4dba,0xshanni.eth,zuconnect
0x84da37133a088fbf4e21d80aec2cc260b52ea116,k.mirror.xyz,zuconnect
0x8a5b025e4e51445dae0b2533dea904880d4e3bd2,abuxyz.eth,zuconnect
0xaf28fdbddc1b6f9a64f1aee3b99aae595e9b1485,remyhall.eth,zuconnect
0x767386986608690d510ed234d5cfd3a9bb50cfb6,,zuconnect
0xe8c8f12ccb61fd25ecc5e391e99f69a971526c99,yihaotian.eth,zuconnect
0xaba3782548a345da82fb2d3badde51dc8daa5966,,zuconnect
0x301605c95acbed7a1fd9c2c0deee964e2afbd0c3,knobelsdorf.eth,zuconnect
0xcccc3f44d69f3e328e71bc51e65aa80665389f3d,,zuconnect
0xc8ebbd81ff245f1c0032a7b88c55fc65f5f9d8e8,,zuconnect
0x547b67d30052ee6999e85ddb6e8b28495ea6b5fe,ogundipe.eth,zuconnect
0x589b9d93739aa37e5eef776c38f93ce38c9857b4,digiwand.eth,zuconnect
0xbb79c61ca3d2e2f9f05922d802fcec385de2e8c3,kudibos.eth,zuconnect
0x374251904e35b37725e7609b24320799ef081bc0,,zuconnect
0xb093f88c567b9dc711c291349283a113fe828a0b,,zuconnect
0x149b334bed3fc1d615937b6c8cbfad73c4deda3b,,zuconnect
0xcb565ee70934c5887f9459fb0dcec6add7f43cf2,manofcrypto.eth,zuconnect
0x85a9e96da1aa2a8870fb18889e6db461861af067,eggy0o0.eth,zuconnect
0x77aa943a365161e499eaff59e936a799e6051e15,,zuconnect
0x84e1056ed1b76fb03b43e924ef98833dba394b2b,nicnode.eth,zuconnect
0xfd37f4625ca5816157d55a5b3f7dd8dd5f8a0c2f,maggo.eth,zuconnect
0xdfc65e0292573311df30ea4de81f941bcd726ab6,santicristobal.eth,zuconnect
0x5e966348efd9ce77c247df06f3e40db5833c7533,kashushu.eth,zuconnect
0x966907738c4b58a4956795fcf185569922262f81,linnn.eth,zuconnect
0xb2a3b5b9d2c0f07cba328b58737147cfc172eb9f,maerg.eth,zuconnect
0x9fc3b33884e1d056a8ca979833d686abd267f9f8,0xpetra.eth,zuconnect
0x1d12c9fec45746823861176ce05bdecda06f2115,publu.eth,zuconnect
0x4071484638157875c8e2d74b066135dd9b12e25b,wallisi.eth,zuconnect
0x895c5a67168ab29d5e8e96a55f933ad7c948c612,simonedamico.eth,zuconnect
0x3df13b9bd79158f0cccddd0833cf774178e3d2e9,mashal.eth,zuconnect
0x9b720446714a8364cda80c148ebb9e8245e57a25,ftwisla.eth,zuconnect
0xd7dfd721433b895c496b42197472726b59ae7eee,delaaxe.eth,zuconnect
0x510171fcd9b0614e3b33c093b3776a616c00cc18,suisse.yalor.eth,zuconnect
0x78a42a84bfe3e173c3a9246b3f5f1c5aa8bbae72,jpren.eth,zuconnect
0x81fbf5b7c6a1c4c79986cb8b35971a65f87210a8,breakerdao.eth,zuconnect
0x2491dbd3c7b198bafbbc3520d048460df9a61426,cheechyuan.eth,zuconnect
0x5a65b2af8c5c33c35f3ad62aed036e09302dc4fb,skeuomorph.eth,zuconnect
0xf1ebd55ecdf7fed994885ae66a92c27f8d363bdf,ecenazaltinok.eth,zuconnect
0xbd43cdedaaf8cfcfec0c6597edf748fe402f6f00,willscott.eth,zuconnect
0xb41e34e0b3272e88ef9852f4557e98961fdedf19,nooblemon.eth,zuconnect
0x2a81c13f9366395c8fd1ea24912294230d062db3,edgeberlin.eth,zuconnect
0xbc7d8949f3bef710e2c51c4f77076e2952db271c,,zuconnect
0x3ddfec223d99007d9c87a24a58c98a16ebe83e12,richglitch.eth,zuconnect
0xa5ca63c632d1f593cd96f10834fab2cbf8feab5d,,vitalia
0x75eb7bbe2507c8fa19245841aee3aa0e47ebeb09,,vitalia
0x1bf701c0aa37957083d73c30aa8401c19153bb38,,vitalia
0x9ab3a307808c3a68623b180b1964cf4eff49129b,,vitalia
0xc4a751bdff25cde994280947958e119f5ff6d159,darkmodemuse.eth,vitalia
0x0d89421d6eec0a4385f95f410732186a2ab45077,bestape.eth,vitalia
0x22cde8578ffb4039fedddd69ec93d6a6c26d597d,,vitalia
0x51098cec236be52511e04453a42f29e2e45bf5a1,,vitalia
0xa36f7d9917832bf04358a31900d3ca56e1be1507,antoinehajj.eth,vitalia
0x6b1050c1c6b288c79ac1db299dc481048abbbbcd,meta-gov.eth,vitalia
0x8cfe1b95c851ece1216ec395595d8a0a071d22a7,,vitalia
0x1adc57ff4267dfbb04d2fcb2a17516f526593336,akarlin.eth,vitalia
0x4a8a9147ab0df5a8949f964bdba22dc4583280e2,,vitalia
0x732876f7fb9cbb32b4c97cb3c3a767ff5a8b8b58,,vitalia
0x6cee7b340764c49a827c60d2b8729e49405fbefd,erinmagennis.eth,vitalia
0xdeb751ebe0b78a33a0af8a11c0c305188bd86e71,,vitalia
0x54948734849b57eea9590d092c3df0b2ff0546d6,,vitalia
0xa51e0a99b53d5b00937a2631d5865468a3543b7d,keithcomito.eth,vitalia
0x82695069f3a647a8149432746f4da3dca8b093d8,caitlinj.eth,vitalia
0x15e619b5783adcd88959a6872687075afd8757ad,,vitalia
0x874941e8bdb733180112be024f93f0763798dca8,,vitalia
0x4cbc2b8b85ea9bc419311d3184ca758030148241,,vitalia
0xa63d0a1652e8ba1a7ab1ba482999e1457b908b2b,,vitalia
0x8a4315279e7a53933f9e476aa123dc705d7a4bd3,,vitalia
0x618b0d44e13294d4a8011f36a169aedafb76aab6,,vitalia
0x6f6b3fa8658bca05a3c870b27aa54cfed49fdda4,,vitalia
0x361c210888918097a39b3c0002e89e870a9b293e,,vitalia
0x285b215f856e005de346d61e44cff10ff84a02f0,bolekkerous.eth,vitalia
0xf220f05b4830095be149085041735f197ee3d5aa,yashluna.eth,vitalia
0xdda6ca96dc62bc4e1a46b91e9bf147907a845871,nmilla.eth,vitalia
0xf93045917cf9ff9eccb2ebee591501a6381afdef,morganjweaver.eth,vitalia
0x5312c2e51512a256073bfcab6757d3865da5f169,xenofon.eth,vitalia
0x77aa943a365161e499eaff59e936a799e6051e15,,vitalia
0x3ddfec223d99007d9c87a24a58c98a16ebe83e12,richglitch.eth,vitalia
